{
  "timestamp": 1779390442.4332376,
  "calibration": "C:\\Users\\bakbe\\OneDrive\\Desktop\\LabDigitalTwin\\yolo_pose_test\\stereo_calibration_charuco_refined.npz",
  "detected_ids": {
    "cam1": [
      0,
      1
    ],
    "cam2": [
      0,
      1,
      2,
      3
    ],
    "common_for_marker_size": [
      0,
      1
    ]
  },
  "marker_side_m_estimated": 0.07205928472376108,
  "fit_marker_ids": [
    0,
    1,
    2,
    3
  ],
  "scale_real_m_to_unity": 0.13340699488033808,
  "rotation_real_cam1_unity_to_unity_world": [
    [
      -0.32586895195040316,
      0.32080971288917437,
      0.8893202765431086
    ],
    [
      0.03876268248573349,
      0.9444093901198094,
      -0.3264787256469245
    ],
    [
      -0.9446199662304707,
      -0.07191684065290145,
      -0.3201891432095242
    ]
  ],
  "translation_real_cam1_unity_to_unity_world": [
    -0.3726627911317456,
    0.3245775282232731,
    2.7037963608947764
  ],
  "mean_marker_error_before_move": 0.003658638074086896,
  "max_marker_error_before_move": 0.005749801668856523,
  "markers": {
    "0": {
      "current_unity_position": [
        -0.126684442,
        0.155040249,
        2.70309234
      ],
      "fitted_unity_position": [
        -0.12774398275071522,
        0.1540517796984579,
        2.7068661418930495
      ],
      "move_delta": [
        -0.00105954075071521,
        -0.0009884693015420887,
        0.0037738018930495443
      ],
      "fit_error_before_move": 0.004042434772572289,
      "sources": [
        "cam1",
        "cam2"
      ]
    },
    "1": {
      "current_unity_position": [
        -0.009666975,
        0.008599668,
        2.56773973
      ],
      "fitted_unity_position": [
        -0.01109932941652203,
        0.009068513322760874,
        2.5672572961908053
      ],
      "move_delta": [
        -0.0014323544165220307,
        0.0004688453227608743,
        -0.00048243380919466006
      ],
      "fit_error_before_move": 0.0015824656367387523,
      "sources": [
        "cam1",
        "cam2"
      ]
    },
    "2": {
      "current_unity_position": [
        0.053845413,
        0.165929273,
        2.71822166
      ],
      "fitted_unity_position": [
        0.05573809545551617,
        0.16707865162228072,
        2.720614003066994
      ],
      "move_delta": [
        0.0018926824555161662,
        0.0011493786222807334,
        0.002392343066993874
      ],
      "fit_error_before_move": 0.0032598502181800187,
      "sources": [
        "cam2"
      ]
    },
    "3": {
      "current_unity_position": [
        -0.104894005,
        0.185535833,
        2.75161886
      ],
      "fitted_unity_position": [
        -0.1042947922882787,
        0.18490607835650041,
        2.745935148849151
      ],
      "move_delta": [
        0.0005992127117212948,
        -0.0006297546434995971,
        -0.005683711150849202
      ],
      "fit_error_before_move": 0.005749801668856523,
      "sources": [
        "cam2"
      ]
    }
  },
  "cameras": {
    "cam1": {
      "position": [
        -0.3726627911317456,
        0.3245775282232731,
        2.7037963608947764
      ],
      "rotation_matrix": [
        [
          -0.32586895195040316,
          0.32080971288917437,
          0.8893202765431086
        ],
        [
          0.03876268248573349,
          0.9444093901198094,
          -0.3264787256469245
        ],
        [
          -0.9446199662304707,
          -0.07191684065290145,
          -0.3201891432095242
        ]
      ]
    },
    "cam2": {
      "position": [
        -0.09900686718522933,
        0.3339776074004305,
        2.039014839637057
      ],
      "rotation_matrix": [
        [
          0.9997948578535615,
          0.019399287257156433,
          -0.005823217623552106
        ],
        [
          -0.02019982503275744,
          0.9339029245729585,
          -0.3569555918356242
        ],
        [
          -0.0014863640950076448,
          0.356999993176455,
          0.9341032039308012
        ]
      ]
    }
  },
  "debug_images": {
    "cam1": "yolo_pose_test\\real_marker_layout_debug\\cam1_high_detected.png",
    "cam2": "yolo_pose_test\\real_marker_layout_debug\\cam2_high_detected.png"
  }
}