{
  "0": [-0.12774398275071522, 0.1540517796984579, 2.7068661418930495],
  "1": [-0.01109932941652203, 0.009068513322760874, 2.5672572961908053],
  "2": [0.05573809545551617, 0.16707865162228072, 2.720614003066994],
  "3": [-0.1042947922882787, 0.18490607835650041, 2.745935148849151]
}
