{
  "0": [-0.1212, 0.123105019, 2.82657266],
  "1": [-0.0366, 0.001, 2.696],
  "2": [0.0524, 0.1776, 2.874],
  "3": [-0.106, 0.1886, 2.8801]
}
