{
  "0": [[-0.1267,0.12400502,2.83207273], [-0.115700006,0.12400502,2.83207273], [-0.115700006,0.12400502,2.82107258], [-0.1267,0.12400502,2.82107258]],
  "1": [[-0.0421,0.0019,2.70150018], [-0.0311000012,0.0019,2.70150018], [-0.0311000012,0.0019,2.6905], [-0.0421,0.0019,2.6905]],
  "2": [[0.0469,0.1831,2.8731], [0.0579,0.1831,2.8731], [0.0579,0.1721,2.8731], [0.0469,0.1721,2.8731]],
  "3": [[-0.111499995,0.1941,2.8792], [-0.1005,0.1941,2.8792], [-0.1005,0.1831,2.8792], [-0.111499995,0.1831,2.8792]]
}
